"Name";"Mean";"GeoMean";"Median";"Mode";"Std"
"A";1.64162201388889;1.13863244708965;1.398;0.312;1.33854607103665
"B";0.127663492063492;2.71828182845905;1;0;0.405851274980163
"C";240.386650793651;240.37244311142;240.84;241.37;2.60747094437234
