"","PC1","PC2","PC3","PC4","PC5","PC6","PC7"
"Global_active_power",-0.466552634543843,0.123974583875092,-0.081452579957247,-0.0912995999799681,0.244177182825607,0.769733347063087,0.316033035965244
"Global_reactive_power",-0.177353947787651,-0.780481243808861,0.134231316942671,0.575301583262852,0.038526880464233,0.0577406406440404,0.0747418558340098
"Voltage",0.374791030053756,-0.154280762957068,-0.0074190395181962,-0.140032277122845,0.89958614176167,-0.0176487222751092,-0.0806123150731732
"Global_intensity",-0.551297432941521,0.0107687462318548,0.0148362852575264,-0.0573026298058605,0.148480349925028,-0.0527431217077068,-0.817082135768761
"Sub_metering_1",-0.282796990398261,-0.123228927747025,0.759361688409006,-0.443963705968031,0.0522526225319564,-0.247005526341897,0.259546683552024
"Sub_metering_2",-0.282360175670313,-0.394212104711865,-0.624510612232342,-0.47251272114302,-0.0147449262582458,-0.317455397453294,0.22492760844033
"Sub_metering_3",-0.383113082581089,0.425408343555355,-0.0918073779624419,0.466291536981991,0.323486928165127,-0.489176470341724,0.320091085864072
