"","PC1","PC2","PC3","PC4","PC5","PC6","PC7"
"Global_active_power",-0.46946729477504,0.121586426560261,0.0813990486990711,-0.0907285081162433,0.233470339197474,-0.763682915282138,0.335021996770346
"Global_reactive_power",-0.177965686344554,-0.777663735586918,-0.143013640212096,0.577222481352392,0.039668611388114,-0.053630262397463,0.0740191245375239
"Voltage",0.372356087356567,-0.154502639062464,0.00595384428351628,-0.1436280791061,0.900716217994272,0.00709961932154771,-0.0739952390993214
"Global_intensity",-0.551432135421095,0.0129167084922746,-0.0132703376455189,-0.0584322908425208,0.153559983594483,0.0351434406672411,-0.816914679883313
"Sub_metering_1",-0.28167522345012,-0.113714860362679,-0.763335461857311,-0.44158034874924,0.0503357670207808,0.252372847790561,0.252642085870741
"Sub_metering_2",-0.281601365432146,-0.404129092306759,0.616510829169841,-0.475466635858013,-0.0174046728643222,0.321391450491323,0.218244899949151
"Sub_metering_3",-0.382834112031612,0.424460311074871,0.0997151625811934,0.462036211676032,0.325900316027811,0.49562305746815,0.313045813512261
