"","PC1","PC2","PC3","PC4","PC5","PC6","PC7"
"Global_active_power",-0.468719909347377,0.134757006004205,-0.087364023854624,-0.0685424002683705,0.261448774054716,-0.769184715040142,-0.299684960098851
"Global_reactive_power",-0.194753474119581,-0.744228392121312,0.166001666192289,0.607869601485997,0.064465925588408,-0.0329039735205029,-0.0767766374238323
"Voltage",0.330525645648872,-0.132457395220768,-0.0350649070825031,-0.132660152751253,0.919000032656742,0.0817272196140437,0.0560283297457631
"Global_intensity",-0.559597013521267,0.0191290919659808,0.00115573251496308,-0.0640915378910389,0.138188717440309,0.0811759388364482,0.810364451761042
"Sub_metering_1",-0.298838765133731,-0.128748797550584,0.728446336807428,-0.478391980580741,0.0429413224623251,0.240645645752479,-0.273627306561423
"Sub_metering_2",-0.283792558178515,-0.412941218726502,-0.651209713777024,-0.42742058765732,-0.0549693122803382,0.286866668210044,-0.238463357994006
"Sub_metering_3",-0.387471143831455,0.472183293850116,-0.0941909433292081,0.438796991512235,0.242828990989624,0.503786183865534,-0.335749725573273
