"","PC1","PC2","PC3","PC4","PC5","PC6","PC7"
"Global_active_power",0.500356019394655,-0.150512868312175,0.101917113633409,-0.13567701877278,-0.00530234362477152,0.774750137794945,-0.312935277641148
"Global_reactive_power",0.240050984017602,0.595666304218655,-0.204842508786951,-0.0237598056730496,-0.732513715974555,-0.0521339384241719,-0.0757489649596026
"Voltage",-0.260980903238638,-0.0589106829070828,0.209997333291318,-0.925531157248459,-0.162943267490004,-0.0239117906782799,0.0242778582924407
"Global_intensity",0.554496742661037,-0.046336336999914,0.034814045235938,-0.132835996582019,0.0590171422939034,-0.0654729901025625,0.814714152939909
"Sub_metering_1",0.325075101869988,0.178926648063325,-0.604640528647048,-0.3257686820967,0.481270909776846,-0.268468322011265,-0.294786534832343
"Sub_metering_2",0.271992924095306,0.432722285954115,0.727379993234602,0.0124054516963781,0.280927866422655,-0.276965120774133,-0.232175749019475
"Sub_metering_3",0.369848261908941,-0.630592327621618,0.0875769796624397,0.0222432848043583,-0.350456637583251,-0.493356739323294,-0.301960860642785
