"","PC1","PC2","PC3","PC4","PC5","PC6","PC7"
"Global_active_power",0.547856044941315,-0.117463599436769,-0.000949588001965049,-0.0621009843244176,-0.104833408920529,-0.725768253448424,-0.38009080693659
"Global_reactive_power",0.174101431464139,-0.13063804121832,0.252159001500171,0.921996681336191,0.185619554659039,0.0610949834751225,-0.0278053095400931
"Voltage",-0.266052604509765,-0.487407019409522,0.0136566442076052,0.144393213037447,-0.818334778336705,-0.0252585073729325,0.0174557592648976
"Global_intensity",0.567462904929034,-0.0930734640212997,-0.0979020015244755,-0.0476619358501069,-0.12346778078684,0.0464743214671504,0.800039101759934
"Sub_metering_1",0.0933252893583908,0.289586947946501,-0.872060155681228,0.285122350933943,-0.173670799084811,0.106707315295223,-0.15523569893573
"Sub_metering_2",0.502232524630223,0.162453670938791,0.269955029952494,-0.136555871334343,-0.307073449091322,0.615682760361426,-0.395586535749669
"Sub_metering_3",0.125686874080769,-0.7827234103417,-0.305416104827711,-0.15166498031105,0.381029638457264,0.276185224054943,-0.18385795026821
